{"main":"american-flight-api-revision.raml","name":"american-flight-api-revision","organizationId":"ec1ce72b-255b-49ae-8d81-8659128d0983","groupId":"ec1ce72b-255b-49ae-8d81-8659128d0983","assetId":"american-flight-api-revision","version":"1.0.1","metadata":{"branchId":"master","commitId":"c31560253ad00b31b678c2e3f37125443ddcf85f","projectId":"1d96963c-e58d-47a6-b443-7564aa6b6ada"},"apiVersion":"v1","classifier":"raml","dependencies":[{"assetId":"training-american-flight-data-type","groupId":"68ef9520-24e9-4cf2-b2f5-620025690913","version":"1.0.1"},{"assetId":"training-american-flights-example","groupId":"68ef9520-24e9-4cf2-b2f5-620025690913","version":"1.0.1"}],"tags":[],"originalFormatVersion":"1.0"}